term,crn,catalog_id,section,credits,title,meetings,timecodes,primary_instructor,cap,act,rem
Summer2018,58111,AC 0203,01,3.000,Intermediate Accounting I,"[{'days': 'MW', 'times': '0600pm-0930pm', 'dates': '05/21-06/27', 'location': 'DSB 112'}, {'days': 'R', 'times': '0600pm-0930pm', 'dates': '05/31-05/31', 'location': 'DSB 106'}]","['MW 0600pm-0930pm 05/21-06/27 DSB 112', 'R 0600pm-0930pm 05/31-05/31 DSB 106']",Scott M  Brenner,25,4,21
Summer2018,58112,AC 0204,01,3.000,Intermediate Accounting II,"[{'days': 'MW', 'times': '0600pm-0930pm', 'dates': '07/09-08/13', 'location': 'DSB 111'}]",['MW 0600pm-0930pm 07/09-08/13 DSB 111'],Scott M  Brenner,25,4,21
Summer2018,58151,AC 0391,01,3.000,Internship,[],[],Sarah Jennie  Bollinger,0,7,-7
Summer2018,58296,AC 0392,01,3.000,Internship,[],[],Sarah Jennie  Bollinger,0,0,0
Summer2018,58453,AC 0393,01,1.000,Internship,[],[],Sarah Jennie  Bollinger,0,2,-2
Summer2018,58201,AC 0400,01,3.000,Introduction to Accounting,"[{'days': 'MW', 'times': '0600pm-0930pm', 'dates': '05/21-06/18', 'location': 'DSB 104'}, {'days': 'S', 'times': '0830am-0430pm', 'dates': '06/09-06/16', 'location': 'DSB 106'}]","['MW 0600pm-0930pm 05/21-06/18 DSB 104', 'S 0830am-0430pm 06/09-06/16 DSB 106']",Michael P.  Coyne,20,9,11
Summer2018,58124,AC 0510,01,3.000,Issues in a Regulatory Reporting Environment,"[{'days': 'W', 'times': '0600pm-0930pm', 'dates': '05/23-06/27', 'location': 'DSB 110A'}, {'days': 'S', 'times': '0900am-1230pm', 'dates': '05/26-06/30', 'location': 'DSB 109'}]","['W 0600pm-0930pm 05/23-06/27 DSB 110A', 'S 0900am-1230pm 05/26-06/30 DSB 109']",Stephen E.  Yost,25,28,-3
Summer2018,58125,AC 0510,02,3.000,Issues in a Regulatory Reporting Environment,"[{'days': 'W', 'times': '0600pm-0930pm', 'dates': '05/23-06/27', 'location': 'DSB 110A'}, {'days': 'S', 'times': '0100pm-0430pm', 'dates': '05/26-06/30', 'location': 'DSB 109'}]","['W 0600pm-0930pm 05/23-06/27 DSB 110A', 'S 0100pm-0430pm 05/26-06/30 DSB 109']",Stephen E.  Yost,25,24,1
Summer2018,58101,AC 0530,01,3.000,"Accounting for Governments, Hospitals, and Universities","[{'days': 'MWF', 'times': '0800am-1030am', 'dates': '06/04-07/02', 'location': 'DSB 112'}, {'days': 'RFS', 'times': '0800am-1030am', 'dates': '07/05-07/07', 'location': 'DSB 112'}]","['MWF 0800am-1030am 06/04-07/02 DSB 112', 'RFS 0800am-1030am 07/05-07/07 DSB 112']",Milo W.  Peck,22,23,-1
Summer2018,58102,AC 0530,02,3.000,"Accounting for Governments, Hospitals, and Universities","[{'days': 'MWF', 'times': '1100am-0130pm', 'dates': '06/04-07/02', 'location': 'DSB 112'}, {'days': 'RFS', 'times': '1100am-0130pm', 'dates': '07/05-07/07', 'location': 'DSB 112'}]","['MWF 1100am-0130pm 06/04-07/02 DSB 112', 'RFS 1100am-0130pm 07/05-07/07 DSB 112']",Milo W.  Peck,20,23,-3
Summer2018,58202,AC 0530,03,3.000,"Accounting for Governments, Hospitals, and Universities","[{'days': 'MWF', 'times': '0200pm-0430pm', 'dates': '06/04-07/02', 'location': 'DSB 112'}, {'days': 'RFS', 'times': '0200pm-0430pm', 'dates': '07/05-07/07', 'location': 'DSB 112'}]","['MWF 0200pm-0430pm 06/04-07/02 DSB 112', 'RFS 0200pm-0430pm 07/05-07/07 DSB 112']",Milo W.  Peck,22,22,0
Summer2018,58103,AC 0580,01,3.000,Financial Statement Analysis,"[{'days': 'TF', 'times': '0930am-1230pm', 'dates': '05/22-05/25', 'location': 'NHS 224'}, {'days': 'TW', 'times': '0745am-1045am', 'dates': '05/23-05/29', 'location': 'DSB 108'}, {'days': 'R', 'times': '0930am-1230pm', 'dates': '05/31-05/31', 'location': 'NHS 224'}, {'days': 'TR', 'times': '0800am-1100am', 'dates': '06/05-07/03', 'location': 'DSB 115'}]","['TF 0930am-1230pm 05/22-05/25 NHS 224', 'TW 0745am-1045am 05/23-05/29 DSB 108', 'R 0930am-1230pm 05/31-05/31 NHS 224', 'TR 0800am-1100am 06/05-07/03 DSB 115']",Lisa Suzanne  Haylon,22,23,-1
Summer2018,58104,AC 0580,02,3.000,Financial Statement Analysis,"[{'days': 'TF', 'times': '0930am-1230pm', 'dates': '05/22-05/25', 'location': 'NHS 224'}, {'days': 'WR', 'times': '1100am-0200pm', 'dates': '05/24-05/30', 'location': 'DSB 115'}, {'days': 'R', 'times': '0930am-1230pm', 'dates': '05/31-05/31', 'location': 'NHS 224'}, {'days': 'TR', 'times': '1200pm-0300pm', 'dates': '06/05-07/03', 'location': 'DSB 115'}]","['TF 0930am-1230pm 05/22-05/25 NHS 224', 'WR 1100am-0200pm 05/24-05/30 DSB 115', 'R 0930am-1230pm 05/31-05/31 NHS 224', 'TR 1200pm-0300pm 06/05-07/03 DSB 115']",Patricia M.  Poli,22,24,-2
Summer2018,58203,AC 0580,03,3.000,Financial Statement Analysis,"[{'days': 'TF', 'times': '0930am-1230pm', 'dates': '05/22-05/25', 'location': 'NHS 224'}, {'days': 'W', 'times': '0100pm-0400pm', 'dates': '05/23-05/23', 'location': 'DSB 111'}, {'days': 'T', 'times': '0630pm-0930pm', 'dates': '05/29-05/29', 'location': 'DSB 111'}, {'days': 'R', 'times': '0930am-1230pm', 'dates': '05/31-05/31', 'location': 'NHS 224'}, {'days': 'TR', 'times': '0400pm-0700pm', 'dates': '06/05-07/03', 'location': 'DSB 115'}]","['TF 0930am-1230pm 05/22-05/25 NHS 224', 'W 0100pm-0400pm 05/23-05/23 DSB 111', 'T 0630pm-0930pm 05/29-05/29 DSB 111', 'R 0930am-1230pm 05/31-05/31 NHS 224', 'TR 0400pm-0700pm 06/05-07/03 DSB 115']",Patricia M.  Poli,22,20,2
Summer2018,58339,AS 0405A,01,3.000,"Special Topics: Study Away: Newport, Rhode Island: ""A Lively Experiment""","[{'days': 'R', 'times': '0630pm-0830pm', 'dates': '05/31-06/14', 'location': 'DMH 331'}, {'days': 'RFSU', 'times': 'TBA', 'dates': '06/21-06/24', 'location': 'BY ARR '}]","['R 0630pm-0830pm 05/31-06/14 DMH 331', 'RFSU TBA 06/21-06/24 BY ARR ']",Kurt C.  Schlichting,15,6,9
Summer2018,58419,ASHI 0442,01,3.000,"Immigration, Ethnicity, and Race in United States History","[{'days': 'MW', 'times': '0530pm-0800pm', 'dates': '07/09-08/08', 'location': 'CNS 9'}]",['MW 0530pm-0800pm 07/09-08/08 CNS 9'],Cecelia F.  Bucki,15,14,1
Summer2018,58219,AY 0110,OL1,3.000,Biological Anthropology,[],[],Joseph A.  Wilson,20,20,0
Summer2018,58146,AY 0111,OL1,3.000,Cultural Anthropology,[],[],Sarah A.  Wessler,20,9,11
Summer2018,58081,AE 0291,OL1,3.000,Business Ethics,[],[],Lisa M.  Sticca-Conrod,20,20,0
Summer2018,58172,AE 0293,01,3.000,Ethics of War and Peace,"[{'days': 'MTR', 'times': '0645pm-0955pm', 'dates': '07/09-08/02', 'location': 'DSB 106'}]",['MTR 0645pm-0955pm 07/09-08/02 DSB 106'],Norma   Schmidt,25,5,20
Summer2018,58082,AE 0295,OL1,3.000,Ethics in Law and Society,[],[],Lisa M.  Sticca-Conrod,20,5,15
Summer2018,58001,AH 0011,OL1,3.000,Visual Culture Since 1400: Expression and Experimentation,[],[],Lauren Elise  Cesiro,20,16,4
Summer2018,58083,AH 0013,01,3.000,"Art of Africa, the Caribbean, and the Americas","[{'days': 'MTR', 'times': '0645pm-0955pm', 'dates': '06/04-06/28', 'location': 'CNS 6'}]",['MTR 0645pm-0955pm 06/04-06/28 CNS 6'],Dawn M.  Pilotti,25,9,16
Summer2018,58156,AH 0013,AI1,3.000,"Art of Africa, the Caribbean, and the Americas","[{'days': 'MTWRF', 'times': '0900am-1100am', 'dates': '07/10-08/01', 'location': 'CNS 108'}]",['MTWRF 0900am-1100am 07/10-08/01 CNS 108'],Dawn M.  Pilotti,0,20,-20
Summer2018,58186,AH 0013,AI2,3.000,"Art of Africa, the Caribbean, and the Americas","[{'days': 'MTWRF', 'times': '0100pm-0300pm', 'dates': '07/10-08/01', 'location': 'CNS 6'}]",['MTWRF 0100pm-0300pm 07/10-08/01 CNS 6'],Dawn M.  Pilotti,0,22,-22
Summer2018,58217,AH 0193,01,3.000,"Inside Museums and Galleries: Taste, Place, Public Space","[{'days': 'MTWRF', 'times': '0830am-0430pm', 'dates': '05/23-05/30', 'location': 'CNS 6'}]",['MTWRF 0830am-0430pm 05/23-05/30 CNS 6'],Philip I.  Eliasoph,11,6,5
Summer2018,58155,BI 0070,OL1,3.000,"Science, Technology, and Society",[],[],Debra S.  Sauer,20,18,2
Summer2018,58002,BI 0071,01,3.000,Identity and the Human Genome,"[{'days': 'MTWRF', 'times': '0930am-1230pm', 'dates': '07/09-07/20', 'location': 'BNW 256'}]",['MTWRF 0930am-1230pm 07/09-07/20 BNW 256'],Olivia T.  Harriott,0,10,-10
Summer2018,58341,BI 0071,OL1,3.000,Identity and the Human Genome,[],[],Christine R.  Rodriguez,20,17,3
Summer2018,58187,BI 0076,AI1,3.000,Environmental Science,"[{'days': 'MTWRF', 'times': '0900am-1100am', 'dates': '07/10-08/01', 'location': 'BNW 127'}]",['MTWRF 0900am-1100am 07/10-08/01 BNW 127'],James E.  Biardi,0,22,-22
Summer2018,58188,BI 0076,AI2,3.000,Environmental Science,"[{'days': 'MTWRF', 'times': '0100pm-0300pm', 'dates': '07/10-08/01', 'location': 'BNW 127'}]",['MTWRF 0100pm-0300pm 07/10-08/01 BNW 127'],James E.  Biardi,0,20,-20
Summer2018,58342,BI 0078,OL1,3.000,Introduction to Marine Science,[],[],Thomas B.  Cunningham,25,23,2
Summer2018,58085,BI 0107,01,4.000,Human Anatomy and Physiology I,"[{'days': 'MWF', 'times': '0800am-1030am', 'dates': '06/04-07/06', 'location': 'BNW 139'}]",['MWF 0800am-1030am 06/04-07/06 BNW 139'],Anthony J.  DeCristofaro,16,14,2
Summer2018,58086,BI 0107L,01,0.000,Human Anatomy and Physiology Lab I,"[{'days': 'TR', 'times': '0800am-1050am', 'dates': '06/04-07/06', 'location': 'BNW 240'}]",['TR 0800am-1050am 06/04-07/06 BNW 240'],Anthony J.  DeCristofaro,16,14,2
Summer2018,58087,BI 0108,01,4.000,Human Anatomy and Physiology II,"[{'days': 'MWF', 'times': '0800am-1030am', 'dates': '07/09-08/10', 'location': 'BNW 138'}]",['MWF 0800am-1030am 07/09-08/10 BNW 138'],Anthony J.  DeCristofaro,16,7,9
Summer2018,58088,BI 0108L,01,0.000,Human Anatomy and Physiology Lab II,"[{'days': 'TR', 'times': '0800am-1050am', 'dates': '07/09-08/10', 'location': 'BNW 240'}]",['TR 0800am-1050am 07/09-08/10 BNW 240'],Anthony J.  DeCristofaro,16,7,9
Summer2018,58220,BI 0170,01,4.000,General Biology I,"[{'days': 'MTWRF', 'times': '1030am-1200pm', 'dates': '06/04-07/06', 'location': 'BNW 127'}]",['MTWRF 1030am-1200pm 06/04-07/06 BNW 127'],Geoffrey A.  Church,16,7,9
Summer2018,58221,BI 0170L,01,0.000,General Biology I Lab,"[{'days': 'MW', 'times': '0100pm-0350pm', 'dates': '06/04-07/02', 'location': 'BNW 261'}, {'days': 'R', 'times': '0100pm-0350pm', 'dates': '07/05-07/05', 'location': 'BNW 261'}]","['MW 0100pm-0350pm 06/04-07/02 BNW 261', 'R 0100pm-0350pm 07/05-07/05 BNW 261']",Geoffrey A.  Church,16,7,9
Summer2018,58110,BU 0211,01,3.000,Legal Environment of Business,"[{'days': 'TWRF', 'times': '0830am-0430pm', 'dates': '05/23-05/30', 'location': 'DSB 106'}]",['TWRF 0830am-0430pm 05/23-05/30 DSB 106'],Sharlene A.  McEvoy,20,13,7
Summer2018,58448,BU 0395,01,3.000,Internship,[],[],Sarah Jennie  Bollinger,0,9,-9
Summer2018,58449,BU 0397,01,1.000,Internship,[],[],Sarah Jennie  Bollinger,0,0,0
Summer2018,58431,BU 0591,01,3.000,Business Practicum,[],[],Dawn W  Massey,0,5,-5
Summer2018,58166,BB 0121,01,0.000,SHRM Essentials of Human Resource Management,"[{'days': 'F', 'times': '0900am-0400pm', 'dates': '06/01-06/08', 'location': 'DSB 109'}]",['F 0900am-0400pm 06/01-06/08 DSB 109'],Nancy L.  Varsos,15,9,6
Summer2018,58116,BB 0134,01,0.000,Investment Planning,"[{'days': 'T', 'times': '0630pm-1000pm', 'dates': '06/12-08/21', 'location': 'DSB 2109A'}]",['T 0630pm-1000pm 06/12-08/21 DSB 2109A'],Paul A.  Rivera,15,5,10
Summer2018,58366,BB 0138,01,0.000,Retirement Planning and Employer-Sponsored Benefits,"[{'days': 'M', 'times': '0630pm-1000pm', 'dates': '06/11-08/20', 'location': 'DSB 2109A'}]",['M 0630pm-1000pm 06/11-08/20 DSB 2109A'],Paul A.  Rivera,15,4,11
Summer2018,58343,CH 0007,01,3.000,Introduction to Forensic Science,"[{'days': 'MTWRF', 'times': '0930am-1230pm', 'dates': '07/09-07/20', 'location': 'BNW 332'}]",['MTWRF 0930am-1230pm 07/09-07/20 BNW 332'],Amanda S.  Harper-Leatherman,0,3,-3
Summer2018,58344,CH 0111,01,3.000,General Chemistry I,"[{'days': 'MTWRF', 'times': '0800am-1000am', 'dates': '06/04-07/06', 'location': 'BNW 334'}]",['MTWRF 0800am-1000am 06/04-07/06 BNW 334'],Sangamithra   Chintapalli,16,9,7
Summer2018,58345,CH 0111L,01,1.000,General Chemistry I Lab,"[{'days': 'TWR', 'times': '1230pm-0330pm', 'dates': '06/04-07/06', 'location': 'BNW 361'}]",['TWR 1230pm-0330pm 06/04-07/06 BNW 361'],Jon J.  Harper,16,7,9
Summer2018,58090,CH 0112,01,3.000,General Chemistry II,"[{'days': 'MTWRF', 'times': '0800am-1000am', 'dates': '07/09-08/10', 'location': 'BNW 334'}]",['MTWRF 0800am-1000am 07/09-08/10 BNW 334'],Sangamithra   Chintapalli,16,8,8
Summer2018,58091,CH 0112L,01,1.000,General Chemistry II Lab,"[{'days': 'TWR', 'times': '1230pm-0330pm', 'dates': '07/09-08/10', 'location': 'BNW 361'}]",['TWR 1230pm-0330pm 07/09-08/10 BNW 361'],Jon J.  Harper,16,9,7
Summer2018,58222,CH 0211,01,3.000,Organic Chemistry I,"[{'days': 'MTWRF', 'times': '0800am-1000am', 'dates': '06/04-07/06', 'location': 'BNW 333'}]",['MTWRF 0800am-1000am 06/04-07/06 BNW 333'],Donald J.  Wolanin,15,9,6
Summer2018,58223,CH 0211L,01,1.000,Organic Chemistry I Lab,"[{'days': 'TWR', 'times': '1230pm-0430pm', 'dates': '06/04-07/06', 'location': 'BNW 339'}]",['TWR 1230pm-0430pm 06/04-07/06 BNW 339'],Omari   Ansong,16,9,7
Summer2018,58224,CH 0212,01,3.000,Organic Chemistry II,"[{'days': 'MTWRF', 'times': '0800am-1000am', 'dates': '07/09-08/10', 'location': 'BNW 333'}]",['MTWRF 0800am-1000am 07/09-08/10 BNW 333'],Donald J.  Wolanin,16,8,8
Summer2018,58225,CH 0212L,01,1.000,Organic Chemistry II Lab,"[{'days': 'TWR', 'times': '1230pm-0430pm', 'dates': '07/09-08/10', 'location': 'BNW 339'}]",['TWR 1230pm-0430pm 07/09-08/10 BNW 339'],Omari   Ansong,16,9,7
Summer2018,58003,CO 0100,OL1,3.000,Human Communication Theories,[],[],Qin   Zhang,20,8,12
Summer2018,58123,CO 0101,OL1,3.000,Argument and Advocacy,[],[],Audra Kate  Nuru,20,19,1
Summer2018,58004,CO 0240,OL1,3.000,Intercultural Communication,[],[],Qin   Zhang,20,17,3
Summer2018,58452,CO 0397,MP,3.000,Independent Study,[],[],Michael P.  Pagano,0,1,-1
Summer2018,58174,CO 0399,01,1.000,Internship,[],[],Qin   Zhang,0,0,0
Summer2018,58175,CO 0399,03,3.000,Internship,[],[],Qin   Zhang,0,6,-6
Summer2018,58476,CO 0560,QZ,3.000,Thesis Proposal,[],[],Qin   Zhang,0,1,-1
Summer2018,58436,CO 0598,AN,3.000,Independent Study,[],[],Audra Kate  Nuru,0,2,-2
Summer2018,58438,CO 0598,NB,3.000,Independent Study,[],[],Niall P.  Brennan,0,1,-1
Summer2018,58018,CN 0410,01,3.000,Grief and Loss Counseling,"[{'days': 'MTWRF', 'times': '0900am-0400pm', 'dates': '07/16-07/20', 'location': 'CNS 101'}]",['MTWRF 0900am-0400pm 07/16-07/20 CNS 101'],Stephanie F.  Hall,12,12,0
Summer2018,58019,CN 0433,01,3.000,Multicultural Issues in Counseling,"[{'days': 'MTWRF', 'times': '0900am-0400pm', 'dates': '07/30-08/03', 'location': 'CNS 108'}]",['MTWRF 0900am-0400pm 07/30-08/03 CNS 108'],Courtland C  Lee,20,12,8
Summer2018,58020,CN 0447,01,3.000,Lifespan Human Development,"[{'days': 'TR', 'times': '0900am-0500pm', 'dates': '05/21-06/01', 'location': 'CNS 203'}]",['TR 0900am-0500pm 05/21-06/01 CNS 203'],Virginia A.  Kelly,9,9,0
Summer2018,58021,CN 0465,01,3.000,Introduction to Substance Abuse and Addictions,"[{'days': 'TR', 'times': '0430pm-0830pm', 'dates': '07/09-08/03', 'location': 'CNS 106'}]",['TR 0430pm-0830pm 07/09-08/03 CNS 106'],Joseph A.  Graziano,15,13,2
Summer2018,58055,CN 0515,01,3.000,Trauma and Crisis Intervention,"[{'days': 'MW', 'times': '0430pm-0830pm', 'dates': '06/05-07/03', 'location': 'CNS 104'}]",['MW 0430pm-0830pm 06/05-07/03 CNS 104'],Tomichan   Aprame,19,20,-1
Summer2018,58381,CN 0557,01,3.000,Co-occuring Disorders in Substance Abuse and Addictions Counseling,"[{'days': 'MW', 'times': '0900am-0500pm', 'dates': '05/21-06/04', 'location': 'CNS 206'}]",['MW 0900am-0500pm 05/21-06/04 CNS 206'],Virginia A.  Kelly,20,11,9
Summer2018,58167,CN 0590C,01,3.000,Internship: Clinical Mental Health Counseling,"[{'days': 'M', 'times': '0430pm-0700pm', 'dates': '05/21-08/06', 'location': 'DW G111'}]",['M 0430pm-0700pm 05/21-08/06 DW G111'],Tracey   Robert,0,8,-8
Summer2018,58168,CN 0590C,02,3.000,Internship: Clinical Mental Health Counseling,"[{'days': 'M', 'times': '0430pm-0700pm', 'dates': '05/21-08/06', 'location': 'DW G108'}]",['M 0430pm-0700pm 05/21-08/06 DW G108'],JoAnn M.  O'Connell,0,7,-7
Summer2018,58007,EC 0011,01,3.000,Introduction to Microeconomics,"[{'days': 'MTWRF', 'times': '0930am-1230pm', 'dates': '07/09-07/20', 'location': 'DMH 231'}]",['MTWRF 0930am-1230pm 07/09-07/20 DMH 231'],Philip J.  Lane,0,14,-14
Summer2018,58368,EC 0011,02,3.000,Introduction to Microeconomics,"[{'days': 'MTR', 'times': '0645pm-0955pm', 'dates': '07/09-08/03', 'location': 'DMH 350'}]",['MTR 0645pm-0955pm 07/09-08/03 DMH 350'],Mark S.  Leclair,20,12,8
Summer2018,58006,EC 0011,OL1,3.000,Introduction to Microeconomics,[],[],William F.  Vasquez Mazariegos,20,8,12
Summer2018,58008,EC 0012,OL1,3.000,Introduction to Macroeconomics,[],[],William F.  Vasquez Mazariegos,20,18,2
Summer2018,58471,EC 0299,01,3.000,Internship,[],[],Sarah Jennie  Bollinger,0,1,-1
Summer2018,58022,ED 0405,01,3.000,Contexts of Education in the Primary Grades,"[{'days': 'MW', 'times': '0400pm-0800pm', 'dates': '07/09-08/03', 'location': 'CNS 10'}]",['MW 0400pm-0800pm 07/09-08/03 CNS 10'],Claudia Schwarz  Wolen,27,27,0
Summer2018,58475,ED 0459,01,3.000,Developmental Reading in the Secondary School,[],[],Bryan R.  Crandall,1,1,0
Summer2018,58023,ED 0497,01,3.000,Teaching Science in the Elementary Classroom,"[{'days': 'MTWR', 'times': '0430pm-0830pm', 'dates': '05/21-06/04', 'location': 'BNW 332'}]",['MTWR 0430pm-0830pm 05/21-06/04 BNW 332'],Ryan P.  Colwell,30,29,1
Summer2018,58024,ED 0499,01,3.000,Introduction to Educational Research,"[{'days': 'MW', 'times': '0400pm-0800pm', 'dates': '06/05-07/03', 'location': 'CNS 108'}]",['MW 0400pm-0800pm 06/05-07/03 CNS 108'],Sarah-Jane   Henry,22,22,0
Summer2018,58025,ED 0499,OL1,3.000,Introduction to Educational Research,[],[],Barbara Lynn  Welles,23,23,0
Summer2018,58382,ED 0511,01,3.000,Educating for Social Responsibility and Civic Engagement: A Capstone Seminar,"[{'days': 'TR', 'times': '0400pm-0800pm', 'dates': '06/05-07/03', 'location': 'CNS 9'}]",['TR 0400pm-0800pm 06/05-07/03 CNS 9'],Terri L.  Germain-Williams,22,20,2
Summer2018,58026,ED 0512,01,3.000,Contemporary Schooling in Society,"[{'days': 'TR', 'times': '0400pm-0800pm', 'dates': '06/05-07/03', 'location': 'CNS 10'}]",['TR 0400pm-0800pm 06/05-07/03 CNS 10'],Romina A.  Pacheco,26,27,-1
Summer2018,58250,ED 0534,01,3.000,Theories of Learning,"[{'days': 'MW', 'times': '0430pm-0815pm', 'dates': '07/09-08/03', 'location': 'CNS 1'}]",['MW 0430pm-0815pm 07/09-08/03 CNS 1'],Deborah L.  Edelman,7,8,-1
Summer2018,58385,ED 0561,01,0.000-4.000,Summer Institute in the Teaching of Writing,"[{'days': 'TWR', 'times': '0900am-0300pm', 'dates': '07/09-08/03', 'location': 'CNS 9'}]",['TWR 0900am-0300pm 07/09-08/03 CNS 9'],Bryan R.  Crandall,0,9,-9
Summer2018,58027,ED 0572,01,3.000,Guided Research in Science,"[{'days': 'W', 'times': '0400pm-0600pm', 'dates': '06/06-06/06', 'location': 'CNS 106'}]",['W 0400pm-0600pm 06/06-06/06 CNS 106'],Bridget M.  Fine,20,4,16
Summer2018,58409,ED 0599,01,3.000,Professional Writing Seminar: Product of Learning,"[{'days': 'TR', 'times': '0400pm-0800pm', 'dates': '05/08-05/17', 'location': 'CNS 5'}, {'days': 'TR', 'times': '0400pm-0800pm', 'dates': '06/12-06/26', 'location': 'CNS 104'}]","['TR 0400pm-0800pm 05/08-05/17 CNS 5', 'TR 0400pm-0800pm 06/12-06/26 CNS 104']",Bernadine   Krawczyk,4,2,2
Summer2018,58254,MD 0400,OL1,3.000,Introduction to Educational Technology,[],[],Joshua C.  Elliott,25,25,0
Summer2018,58388,MD 0401G,OL1,3.000,Special Topics: Building Mobile Apps for Education,[],[],Jay L.  Rozgonyi,20,18,2
Summer2018,58389,MD 0469,01,3.000,Establishing Worldwide Learning Communities through Technology,"[{'days': 'MTWRF', 'times': '0900am-0300pm', 'dates': '07/23-07/27', 'location': 'CNS 101'}]",['MTWRF 0900am-0300pm 07/23-07/27 CNS 101'],Joshua C.  Elliott,20,10,10
Summer2018,58390,MD 0490,01,3.000,Achieving an Interdisciplinary Approach to Teaching through Technology,"[{'days': 'MTWRF', 'times': '0900am-0300pm', 'dates': '08/06-08/10', 'location': 'CNS 101'}]",['MTWRF 0900am-0300pm 08/06-08/10 CNS 101'],Joshua C.  Elliott,20,13,7
Summer2018,58433,MD 0585,01,3.000,Capstone Experience,[],[],Joshua C.  Elliott,3,3,0
Summer2018,58335,ECE 0423,OL1,3.000,Thermal Management of Microdevices,[],[],Mehdi   Safari Qariq,9,3,6
Summer2018,58228,EG 0060,01,3.000,STEM of Guitar,"[{'days': 'MTWRF', 'times': '0930am-1230pm', 'dates': '07/09-07/20', 'location': 'LYL 1'}]",['MTWRF 0930am-1230pm 07/09-07/20 LYL 1'],Ryan A.  Munden,15,7,8
Summer2018,58474,EG 0399,MZ,1.000,Independent Study: Introduction to Java,[],[],Michael P.  Zabinski,0,2,-2
Summer2018,58346,EN 0011,01,3.000,Texts and Contexts I: Writing as Craft and Inquiry,"[{'days': 'MTWRF', 'times': '1030am-1230pm', 'dates': '07/09-08/03', 'location': 'DMH 331'}]",['MTWRF 1030am-1230pm 07/09-08/03 DMH 331'],Rebecca Louise  Dimyan,25,6,19
Summer2018,58093,EN 0012,OL1,3.000,Texts and Contexts II: Writing About Literature,[],[],Gale J.  Bellas,20,9,11
Summer2018,58347,EN 0012,OL2,3.000,Texts and Contexts II: Writing About Literature,[],[],Katherine V.  Veilleux,20,1,19
Summer2018,58348,EN 0102,OL1,3.000,Introduction to Contemporary World Literature,[],[],Sally E.  O'Driscoll,20,14,6
Summer2018,58350,EN 0141,OL1,3.000,Imagining Shakespeare,[],[],Shannon E.  Kelley,20,15,5
Summer2018,58468,EN 0141,OL2,3.000,Imagining Shakespeare,[],[],Shannon E.  Kelley,20,5,15
Summer2018,58229,EN 0161,01,3.000,Irish Literature,"[{'days': 'MTWRF', 'times': '1030am-1230pm', 'dates': '07/09-08/03', 'location': 'DMH 348'}]",['MTWRF 1030am-1230pm 07/09-08/03 DMH 348'],Marion M.  White,25,8,17
Summer2018,58351,EN 0163,OL1,3.000,The Literature of Illness and Healing: Wounded Storytellers and Dedicated Healers,[],[],Jacqueline   Rinaldi,20,17,3
Summer2018,58028,EN 0405,01,3.000,Literature for Young Adults,"[{'days': 'TR', 'times': '1000am-0230pm', 'dates': '07/09-08/03', 'location': 'DMH 350'}]",['TR 1000am-0230pm 07/09-08/03 DMH 350'],Mary Elizabeth  Nelson,20,9,11
Summer2018,58010,ENW 0200,01,3.000,Creative Writing,"[{'days': 'MTWRF', 'times': '0930am-1230pm', 'dates': '07/09-07/20', 'location': 'DMH 347'}]",['MTWRF 0930am-1230pm 07/09-07/20 DMH 347'],Laura Marie  Marciano,0,8,-8
Summer2018,58149,ENW 0346,EO,1.000-3.000,Internship,[],[],Emily J.  Orlando,0,1,-1
Summer2018,58477,ENW 0346,SH,3.000,Internship,[],[],Sonya R.  Huber,0,1,-1
Summer2018,58463,ENW 0347,MT,3.000,Independent Writing Project,[],[],Matthew R.  Tullis,0,1,-1
Summer2018,58163,FI 0101,OL1,3.000,Introduction to Finance,[],[],Walter F.  Hlawitschka,15,11,4
Summer2018,58148,FI 0391,01,3.000,Internship,[],[],Sarah Jennie  Bollinger,0,8,-8
Summer2018,58281,FI 0392,01,3.000,Internship,[],[],Sarah Jennie  Bollinger,0,0,0
Summer2018,58199,FI 0393,01,1.000,Internship,[],[],Sarah Jennie  Bollinger,0,0,0
Summer2018,58105,FI 0400,OL1,3.000,Principles of Finance,"[{'days': 'MTWRF', 'times': '0600pm-1000pm', 'dates': '07/27-08/04', 'location': 'ONLINE '}, {'days': 'S', 'times': '0830am-0430pm', 'dates': '07/27-08/04', 'location': 'ONLINE '}]","['MTWRF 0600pm-1000pm 07/27-08/04 ONLINE ', 'S 0830am-0430pm 07/27-08/04 ONLINE ']",Thomas E.  Conine,25,8,17
Summer2018,58106,FI 0560,01,3.000,Global Financial Markets and Institutions,"[{'days': 'MTWR', 'times': '0600pm-0930pm', 'dates': '05/21-05/24', 'location': 'DSB 108'}, {'days': 'S', 'times': '0830am-0430pm', 'dates': '05/21-06/02', 'location': 'DSB 106'}, {'days': 'TWRF', 'times': '0600pm-0930pm', 'dates': '05/28-06/02', 'location': 'DSB 108'}]","['MTWR 0600pm-0930pm 05/21-05/24 DSB 108', 'S 0830am-0430pm 05/21-06/02 DSB 106', 'TWRF 0600pm-0930pm 05/28-06/02 DSB 108']",Philip J.  Lane,25,12,13
Summer2018,58107,FI 0580,01,3.000,Financial Risk Management,"[{'days': 'MTWR', 'times': '0600pm-0930pm', 'dates': '08/13-08/25', 'location': 'DSB 109'}, {'days': 'S', 'times': '0830am-0430pm', 'dates': '08/18-08/25', 'location': 'DSB 109'}]","['MTWR 0600pm-0930pm 08/13-08/25 DSB 109', 'S 0830am-0430pm 08/18-08/25 DSB 109']",Nazli S.  Alan,25,13,12
Summer2018,58094,HI 0010,01,3.000,Origins of the Modern World Since 1500,"[{'days': 'MTWRF', 'times': '0800am-1000am', 'dates': '06/04-06/29', 'location': 'CNS 106'}]",['MTWRF 0800am-1000am 06/04-06/29 CNS 106'],David W.  McFadden,25,10,15
Summer2018,58095,HI 0239,01,3.000,20th Century United States,"[{'days': 'MTWRF', 'times': '1030am-1230pm', 'dates': '06/04-06/29', 'location': 'CNS 106'}]",['MTWRF 1030am-1230pm 06/04-06/29 CNS 106'],David W.  McFadden,25,7,18
Summer2018,58451,HI 0399,PB,3.000,Independent Study,[],[],Patricia E.  Behre,0,1,-1
Summer2018,58113,IS 0100,OL1,3.000,Introduction to Information Systems,[],[],Yasin   Ozcelik,20,14,6
Summer2018,58198,IS 0391,01,3.000,Internship,[],[],Sarah Jennie  Bollinger,0,0,0
Summer2018,58441,IS 0550,01,3.000,Business Analytics and Big Data Management,"[{'days': 'MR', 'times': '0600pm-0930pm', 'dates': '06/04-06/30', 'location': 'DSB 108'}, {'days': 'S', 'times': '0830am-0430pm', 'dates': '06/16-06/23', 'location': 'DSB 108'}]","['MR 0600pm-0930pm 06/04-06/30 DSB 108', 'S 0830am-0430pm 06/16-06/23 DSB 108']",Jie   Tao,20,5,15
Summer2018,58117,IN 0107,01C,3.000,Color Design,"[{'days': 'TR', 'times': '0930am-1230pm', 'dates': '05/29-06/07', 'location': 'DLH 107'}, {'days': 'T', 'times': '0930am-1230pm', 'dates': '06/12-07/31', 'location': 'DLH 107'}, {'days': 'R', 'times': '0930am-1230pm', 'dates': '07/05-07/05', 'location': 'DLH 107'}]","['TR 0930am-1230pm 05/29-06/07 DLH 107', 'T 0930am-1230pm 06/12-07/31 DLH 107', 'R 0930am-1230pm 07/05-07/05 DLH 107']",Robert A.  Hardy,8,4,4
Summer2018,58118,IN 0107,01N,0.000,Color Design,"[{'days': 'TR', 'times': '0930am-1230pm', 'dates': '05/29-06/07', 'location': 'DLH 107'}, {'days': 'T', 'times': '0930am-1230pm', 'dates': '06/12-07/31', 'location': 'DLH 107'}, {'days': 'R', 'times': '0930am-1230pm', 'dates': '07/05-07/05', 'location': 'DLH 107'}]","['TR 0930am-1230pm 05/29-06/07 DLH 107', 'T 0930am-1230pm 06/12-07/31 DLH 107', 'R 0930am-1230pm 07/05-07/05 DLH 107']",Robert A.  Hardy,2,1,1
Summer2018,58119,IN 0122,01C,3.000,Rendering,"[{'days': 'W', 'times': '1235pm-0335pm', 'dates': '05/30-06/06', 'location': 'DLH 107'}, {'days': 'F', 'times': '1235pm-0335pm', 'dates': '06/01-06/01', 'location': 'DLH 107'}, {'days': 'M', 'times': '1235pm-0335pm', 'dates': '06/04-07/30', 'location': 'DLH 107'}]","['W 1235pm-0335pm 05/30-06/06 DLH 107', 'F 1235pm-0335pm 06/01-06/01 DLH 107', 'M 1235pm-0335pm 06/04-07/30 DLH 107']",Robert A.  Hardy,8,6,2
Summer2018,58177,IN 0122,01N,0.000,Rendering,"[{'days': 'W', 'times': '1235pm-0335pm', 'dates': '05/30-06/06', 'location': 'DLH 107'}, {'days': 'F', 'times': '1235pm-0335pm', 'dates': '06/01-06/01', 'location': 'DLH 107'}, {'days': 'M', 'times': '1235pm-0335pm', 'dates': '06/04-07/30', 'location': 'DLH 107'}]","['W 1235pm-0335pm 05/30-06/06 DLH 107', 'F 1235pm-0335pm 06/01-06/01 DLH 107', 'M 1235pm-0335pm 06/04-07/30 DLH 107']",Robert A.  Hardy,2,0,2
Summer2018,58120,IN 0215,01C,3.000,Lighting for Interiors,"[{'days': 'TR', 'times': '0630pm-0930pm', 'dates': '05/29-06/07', 'location': 'DLH 107'}, {'days': 'T', 'times': '0630pm-0930pm', 'dates': '06/12-07/31', 'location': 'DLH 107'}, {'days': 'R', 'times': '0630pm-0930pm', 'dates': '07/05-07/05', 'location': 'DLH 107'}]","['TR 0630pm-0930pm 05/29-06/07 DLH 107', 'T 0630pm-0930pm 06/12-07/31 DLH 107', 'R 0630pm-0930pm 07/05-07/05 DLH 107']",Robert A.  Hardy,8,4,4
Summer2018,58405,IN 0215,01N,0.000,Lighting for Interiors,"[{'days': 'TR', 'times': '0630pm-0930pm', 'dates': '05/29-06/07', 'location': 'DLH 107'}, {'days': 'T', 'times': '0630pm-0930pm', 'dates': '06/12-07/31', 'location': 'DLH 107'}, {'days': 'R', 'times': '0630pm-0930pm', 'dates': '07/05-07/05', 'location': 'DLH 107'}]","['TR 0630pm-0930pm 05/29-06/07 DLH 107', 'T 0630pm-0930pm 06/12-07/31 DLH 107', 'R 0630pm-0930pm 07/05-07/05 DLH 107']",Robert A.  Hardy,2,2,0
Summer2018,58406,IN 0216,01C,3.000,Kitchen and Bath Design,"[{'days': 'TR', 'times': '0930am-1230pm', 'dates': '05/29-06/07', 'location': 'CNS 2'}, {'days': 'T', 'times': '0930am-1230pm', 'dates': '06/12-07/31', 'location': 'CNS 2'}, {'days': 'R', 'times': '0930am-1230pm', 'dates': '07/05-07/05', 'location': 'CNS 2'}]","['TR 0930am-1230pm 05/29-06/07 CNS 2', 'T 0930am-1230pm 06/12-07/31 CNS 2', 'R 0930am-1230pm 07/05-07/05 CNS 2']",Veronica P.  Whitlock,9,8,1
Summer2018,58407,IN 0216,01N,0.000,Kitchen and Bath Design,"[{'days': 'TR', 'times': '0930am-1230pm', 'dates': '05/29-06/07', 'location': 'CNS 2'}, {'days': 'T', 'times': '0930am-1230pm', 'dates': '06/12-07/31', 'location': 'CNS 2'}, {'days': 'R', 'times': '0930am-1230pm', 'dates': '07/05-07/05', 'location': 'CNS 2'}]","['TR 0930am-1230pm 05/29-06/07 CNS 2', 'T 0930am-1230pm 06/12-07/31 CNS 2', 'R 0930am-1230pm 07/05-07/05 CNS 2']",Veronica P.  Whitlock,1,0,1
Summer2018,58121,IN 0220,01C,3.000,Perspective Techniques,"[{'days': 'W', 'times': '0930am-1230pm', 'dates': '05/30-06/06', 'location': 'DLH 107'}, {'days': 'F', 'times': '0930am-1230pm', 'dates': '06/01-06/01', 'location': 'DLH 107'}, {'days': 'M', 'times': '0930am-1230pm', 'dates': '06/04-07/30', 'location': 'DLH 107'}]","['W 0930am-1230pm 05/30-06/06 DLH 107', 'F 0930am-1230pm 06/01-06/01 DLH 107', 'M 0930am-1230pm 06/04-07/30 DLH 107']",Robert A.  Hardy,8,5,3
Summer2018,58122,IN 0220,01N,0.000,Perspective Techniques,"[{'days': 'W', 'times': '0930am-1230pm', 'dates': '05/30-06/06', 'location': 'DLH 107'}, {'days': 'F', 'times': '0930am-1230pm', 'dates': '06/01-06/01', 'location': 'DLH 107'}, {'days': 'M', 'times': '0930am-1230pm', 'dates': '06/04-07/30', 'location': 'DLH 107'}]","['W 0930am-1230pm 05/30-06/06 DLH 107', 'F 0930am-1230pm 06/01-06/01 DLH 107', 'M 0930am-1230pm 06/04-07/30 DLH 107']",Robert A.  Hardy,2,1,1
Summer2018,58192,IL 0298,01,0.000-3.000,Internship,[],[],Anita G.  Deeg-Carlin,0,15,-15
Summer2018,58330,MG 0380,OL1,3.000,"Performance, Compensation, and Reward",[],[],Mousumi   Bhattacharya,25,6,19
Summer2018,58157,MG 0391,01,3.000,Internship,[],[],Sarah Jennie  Bollinger,0,2,-2
Summer2018,58153,MG 0393,01,1.000,Internship,[],[],Sarah Jennie  Bollinger,0,1,-1
Summer2018,58200,MG 0400,OL1,3.000,Organizational Behavior,[],[],Lisa   Stafford,25,15,10
Summer2018,58108,MG 0500,01,3.000,Leadership,"[{'days': 'MTWR', 'times': '0600pm-0930pm', 'dates': '08/13-08/23', 'location': 'DSB 112'}, {'days': 'S', 'times': '0830am-0430pm', 'dates': '08/18-08/25', 'location': 'DSB 112'}]","['MTWR 0600pm-0930pm 08/13-08/23 DSB 112', 'S 0830am-0430pm 08/18-08/25 DSB 112']",Lisa A.  Mainiero,18,18,0
Summer2018,58164,MG 0540,01,3.000,Cross-Cultural Management,"[{'days': 'MW', 'times': '0600pm-0930pm', 'dates': '06/04-06/30', 'location': 'DSB 105'}, {'days': 'S', 'times': '0830am-0430pm', 'dates': '06/16-06/23', 'location': 'DSB 105'}]","['MW 0600pm-0930pm 06/04-06/30 DSB 105', 'S 0830am-0430pm 06/16-06/23 DSB 105']",Carl A.  Scheraga,25,19,6
Summer2018,58206,MOT 0420,01,3.000,Design for Economy and Reliability,"[{'days': 'W', 'times': '0600pm-1000pm', 'dates': '05/21-08/01', 'location': 'BNW 127'}]",['W 0600pm-1000pm 05/21-08/01 BNW 127'],Kevin J.  Violette,20,6,14
Summer2018,58204,MK 0101,OL1,3.000,Principles of Marketing,[],[],Camelia   Micu,25,19,6
Summer2018,58333,MK 0241,OL1,3.000,Digital Marketing,[],[],Camelia   Micu,20,21,-1
Summer2018,58152,MK 0391,01,3.000,Internship,[],[],Sarah Jennie  Bollinger,0,8,-8
Summer2018,58154,MK 0393,01,1.000,Internship,[],[],Sarah Jennie  Bollinger,0,2,-2
Summer2018,58109,MK 0400,OL1,3.000,Marketing Management,[],[],Gerald O.  Cavallo,25,11,14
Summer2018,58205,MK 0580,OL1,3.000,Multivariate Data Analysis for Decision Making,[],[],Michael R.  Sciandra,20,6,14
Summer2018,58402,FT 0425,01,3.000,Private Practice and Small Business Management,"[{'days': 'MTWR', 'times': '0830am-0445pm', 'dates': '06/25-06/28', 'location': 'CNS 101'}]",['MTWR 0830am-0445pm 06/25-06/28 CNS 101'],Carrie Meredith  Rosenbloom,25,23,2
Summer2018,58029,FT 0433,01,3.000,Social Justice and Diversity in Professional Practice,"[{'days': 'RF', 'times': '0900am-0400pm', 'dates': '06/15-06/29', 'location': 'CNS 108'}]",['RF 0900am-0400pm 06/15-06/29 CNS 108'],Sooyeon   Lee-Garland,20,19,1
Summer2018,58030,FT 0447,01,3.000,Lifespan Human Development,"[{'days': 'TR', 'times': '0900am-0500pm', 'dates': '05/21-06/01', 'location': 'CNS 203'}]",['TR 0900am-0500pm 05/21-06/01 CNS 203'],Virginia A.  Kelly,10,9,1
Summer2018,58031,FT 0465,01,3.000,Introduction to Substance Abuse and Addictions,"[{'days': 'TR', 'times': '0430pm-0830pm', 'dates': '07/09-08/03', 'location': 'CNS 106'}]",['TR 0430pm-0830pm 07/09-08/03 CNS 106'],Joseph A.  Graziano,5,1,4
Summer2018,58251,FT 0470,01,3.000,Professional Practice with LGBTQ Youth and Families,"[{'days': 'T', 'times': '1000am-0500pm', 'dates': '07/17-07/17', 'location': 'CNS 108'}, {'days': 'T', 'times': '1000am-0500pm', 'dates': '07/31-07/31', 'location': 'CNS 101'}]","['T 1000am-0500pm 07/17-07/17 CNS 108', 'T 1000am-0500pm 07/31-07/31 CNS 101']",Erica E.  Hartwell,20,18,2
Summer2018,58032,FT 0550,01,3.000,Introduction to Marriage and Family Therapy,"[{'days': 'TWR', 'times': '1000am-0430pm', 'dates': '06/05-06/13', 'location': 'CNS 206'}]",['TWR 1000am-0430pm 06/05-06/13 CNS 206'],Maryann Hayes  LaBella,20,18,2
Summer2018,58033,FT 0552,01,3.000,Intervention in Structural and Strategic Family Therapy,"[{'days': 'MTW', 'times': '1030am-0530pm', 'dates': '05/21-05/30', 'location': 'CNS 108'}]",['MTW 1030am-0530pm 05/21-05/30 CNS 108'],Rona   Preli,20,13,7
Summer2018,58034,FT 0553,01,3.000,Family Therapy Pre-Practicum,"[{'days': 'MTWRF', 'times': '0900am-1230pm', 'dates': '06/04-06/15', 'location': 'SWH 102'}]",['MTWRF 0900am-1230pm 06/04-06/15 SWH 102'],Nicole B.  O'Brien,8,7,1
Summer2018,58387,FT 0553,02,3.000,Family Therapy Pre-Practicum,"[{'days': 'MTWRF', 'times': '0130pm-0500pm', 'dates': '06/04-06/15', 'location': 'SWH 102'}]",['MTWRF 0130pm-0500pm 06/04-06/15 SWH 102'],Nicole B.  O'Brien,8,7,1
Summer2018,58056,FT 0559,01,3.000,Practicum in Family Therapy I,"[{'days': 'M', 'times': '0200pm-0700pm', 'dates': '06/04-08/01', 'location': 'SWH 102'}]",['M 0200pm-0700pm 06/04-08/01 SWH 102'],Leah P.  Brown,6,3,3
Summer2018,58057,FT 0559,02,3.000,Practicum in Family Therapy I,"[{'days': 'R', 'times': '0300pm-0800pm', 'dates': '06/04-08/01', 'location': 'SWH 102'}]",['R 0300pm-0800pm 06/04-08/01 SWH 102'],Christine B.  Walker,6,3,3
Summer2018,58035,FT 0560,01,3.000,Practicum in Family Therapy II,"[{'days': 'M', 'times': '0200pm-0700pm', 'dates': '06/04-08/01', 'location': 'SWH 102'}]",['M 0200pm-0700pm 06/04-08/01 SWH 102'],Leah P.  Brown,6,3,3
Summer2018,58058,FT 0560,02,3.000,Practicum in Family Therapy II,"[{'days': 'R', 'times': '0300pm-0800pm', 'dates': '06/04-08/01', 'location': 'SWH 102'}]",['R 0300pm-0800pm 06/04-08/01 SWH 102'],Christine B.  Walker,6,2,4
Summer2018,58036,FT 0580,01,3.000,Internship in Family Therapy I,"[{'days': 'M', 'times': '1200pm-0130pm', 'dates': '06/04-08/01', 'location': 'SWH 102'}]",['M 1200pm-0130pm 06/04-08/01 SWH 102'],Maryann Hayes  LaBella,6,2,4
Summer2018,58037,FT 0580,02,3.000,Internship in Family Therapy I,"[{'days': 'M', 'times': '1200pm-0130pm', 'dates': '06/04-08/01', 'location': 'SWH 102'}]",['M 1200pm-0130pm 06/04-08/01 SWH 102'],Rona   Preli,6,3,3
Summer2018,58169,FT 0581,01,3.000,Internship in Family Therapy II,"[{'days': 'M', 'times': '1200pm-0130pm', 'dates': '06/04-08/01', 'location': 'SWH 102'}]",['M 1200pm-0130pm 06/04-08/01 SWH 102'],Maryann Hayes  LaBella,6,4,2
Summer2018,58191,FT 0581,02,3.000,Internship in Family Therapy II,"[{'days': 'M', 'times': '1200pm-0130pm', 'dates': '06/04-08/01', 'location': 'SWH 102'}]",['M 1200pm-0130pm 06/04-08/01 SWH 102'],Rona   Preli,6,4,2
Summer2018,58170,FT 0582,01,1.000,Continuing Internshp in Family Therapy,[],[],Nicole B.  O'Brien,10,6,4
Summer2018,58434,MA 0016,01,3.000,Concepts of Calculus,"[{'days': 'MTWRF', 'times': '1030am-1230pm', 'dates': '06/04-06/29', 'location': 'BNW GR22'}]",['MTWRF 1030am-1230pm 06/04-06/29 BNW GR22'],Daniel J.  Ryan,25,8,17
Summer2018,58012,MA 0017,01,3.000,Introduction to Probability and Statistics,"[{'days': 'MTWRF', 'times': '0800am-1000am', 'dates': '06/04-06/29', 'location': 'NHS 405'}]",['MTWRF 0800am-1000am 06/04-06/29 NHS 405'],Mary V.  Grant,25,4,21
Summer2018,58013,MA 0119,01,3.000,Applied Calculus I,"[{'days': 'MTWRF', 'times': '1030am-1230pm', 'dates': '06/04-06/29', 'location': 'NHS 405'}]",['MTWRF 1030am-1230pm 06/04-06/29 NHS 405'],Edward T.  Giegengack,25,14,11
Summer2018,58014,MA 0120,01,3.000,Applied Calculus II,"[{'days': 'MTWRF', 'times': '1030am-1230pm', 'dates': '07/09-08/03', 'location': 'BNW 334'}]",['MTWRF 1030am-1230pm 07/09-08/03 BNW 334'],Edward T.  Giegengack,25,7,18
Summer2018,58352,MA 0217,OL1,3.000,Accelerated Statistics,[],[],Irene T.  Mulvey,20,13,7
Summer2018,58450,MA 0217,OL2,3.000,Accelerated Statistics,[],[],Irene T.  Mulvey,20,12,8
Summer2018,58420,MA 0495C,01,3.000,Special Topics: Cryptography,"[{'days': 'MW', 'times': '0600pm-0900pm', 'dates': '07/09-08/18', 'location': 'BNW 341'}]",['MW 0600pm-0900pm 07/09-08/18 BNW 341'],Benjamin   Fine,12,12,0
Summer2018,58353,MA 0510,01,3.000,Foundations and Set Theory,"[{'days': 'TR', 'times': '0600pm-0900pm', 'dates': '07/10-08/14', 'location': 'BNW 341'}]",['TR 0600pm-0900pm 07/10-08/14 BNW 341'],Matthew C.  Duckett,12,7,5
Summer2018,58354,MA 0550,01,3.000,Classical Financial Mathematics,"[{'days': 'MW', 'times': '0600pm-0900pm', 'dates': '05/23-07/02', 'location': 'BNW 340'}]",['MW 0600pm-0900pm 05/23-07/02 BNW 340'],Alan   Anderson,12,5,7
Summer2018,58455,MA 0590,BF,0.000,Capstone Project,[],[],Benjamin   Fine,0,3,-3
Summer2018,58472,MA 0599,PB,3.000,Independent Study,[],[],Paul   Baginski,0,1,-1
Summer2018,58141,ME 0362,OL1,3.000,Turbomachinery,[],[],Shahrokh   Etemad,10,3,7
Summer2018,58336,ME 0423,OL1,3.000,Thermal Management of Microdevices,[],[],Mehdi   Safari Qariq,11,10,1
Summer2018,58144,ME 0453,OL1,3.000,Turbomachinery,[],[],Shahrokh   Etemad,25,9,16
Summer2018,58235,MU 0102,01,3.000,History and Development of Rock,"[{'days': 'MTWRF', 'times': '0830am-0430pm', 'dates': '05/23-05/30', 'location': 'JGS 25'}]",['MTWRF 0830am-0430pm 05/23-05/30 JGS 25'],Brian Q.  Torff,20,10,10
Summer2018,58236,MU 0104,OL1,3.000,History of Music: 1700-1964,[],[],Michael Anthony  Ciavaglia,20,20,0
Summer2018,58237,MU 0201,OL1,3.000,Hip-Hop and Its Antecedants,[],[],Laura   Nash,20,6,14
Summer2018,58356,MU 0201,OL2,3.000,Hip-Hop and Its Antecedants,[],[],Andrew P  Virdin,20,8,12
Summer2018,58060,NS 0110,01,3.000,Introduction to Professional Nursing,"[{'days': 'MTWRF', 'times': '0800am-0400pm', 'dates': '06/01-06/08', 'location': 'NHS 204'}, {'days': 'M', 'times': '0800am-1130am', 'dates': '06/11-06/11', 'location': 'NHS 204'}]","['MTWRF 0800am-0400pm 06/01-06/08 NHS 204', 'M 0800am-1130am 06/11-06/11 NHS 204']",Carole A.  Pomarico,60,57,3
Summer2018,58061,NS 0112,01,3.000,Healthcare Delivery Systems,"[{'days': 'M', 'times': '1200pm-0400pm', 'dates': '06/11-06/11', 'location': 'NHS 203'}, {'days': 'MTWRF', 'times': '0800am-0400pm', 'dates': '06/12-06/19', 'location': 'NHS 203'}]","['M 1200pm-0400pm 06/11-06/11 NHS 203', 'MTWRF 0800am-0400pm 06/12-06/19 NHS 203']",Sally O.  Gerard,60,57,3
Summer2018,58062,NS 0112,OL1,3.000,Healthcare Delivery Systems,[],[],Jessica   Planas,10,4,6
Summer2018,58063,NS 0270,01,4.000,Health Assessment,"[{'days': 'MTWRF', 'times': '0800am-1130am', 'dates': '06/20-06/29', 'location': 'NHS 204'}, {'days': 'MTWRF', 'times': '1200pm-0400pm', 'dates': '06/20-06/29', 'location': 'NHS 308'}, {'days': 'MTWRF', 'times': '1200pm-0400pm', 'dates': '06/20-06/29', 'location': 'NHS 205'}]","['MTWRF 0800am-1130am 06/20-06/29 NHS 204', 'MTWRF 1200pm-0400pm 06/20-06/29 NHS 308', 'MTWRF 1200pm-0400pm 06/20-06/29 NHS 205']",Mary M  Murphy,60,59,1
Summer2018,58064,NS 0270L,01,0.000,Health Assessment Lab,[],[],Danielle E.  Hall,20,19,1
Summer2018,58179,NS 0270L,02,0.000,Health Assessment Lab,[],[],Sheila S.  Iacono,20,20,0
Summer2018,58180,NS 0270L,03,0.000,Health Assessment Lab,[],[],Laura A.  Conklin,20,20,0
Summer2018,58065,NS 0272,01,4.000,Geriatric Nursing,"[{'days': 'MTWRF', 'times': '0830am-0300pm', 'dates': '07/05-07/11', 'location': 'NHS 204'}, {'days': 'F', 'times': '0830am-0300pm', 'dates': '07/20-07/20', 'location': 'NHS 204'}, {'days': 'M', 'times': '0900am-1200pm', 'dates': '07/23-07/23', 'location': 'NHS 204'}]","['MTWRF 0830am-0300pm 07/05-07/11 NHS 204', 'F 0830am-0300pm 07/20-07/20 NHS 204', 'M 0900am-1200pm 07/23-07/23 NHS 204']",Kathleen D.  Lovanio,60,59,1
Summer2018,58066,NS 0272C,01,0.000,Geriatric Nursing Clinical,"[{'days': 'MTWRF', 'times': '0700am-0200pm', 'dates': '07/12-07/19', 'location': 'NWG '}]",['MTWRF 0700am-0200pm 07/12-07/19 NWG '],Patricia A.  Lamb,8,6,2
Summer2018,58067,NS 0272C,02,0.000,Geriatric Nursing Clinical,"[{'days': 'MTWRF', 'times': '0700am-0200pm', 'dates': '07/12-07/19', 'location': 'JHE '}]",['MTWRF 0700am-0200pm 07/12-07/19 JHE '],Mary Anne   Caserta,8,7,1
Summer2018,58068,NS 0272C,03,0.000,Geriatric Nursing Clinical,"[{'days': 'MTWRF', 'times': '0700am-0200pm', 'dates': '07/12-07/19', 'location': 'JHE '}]",['MTWRF 0700am-0200pm 07/12-07/19 JHE '],Amanda   Costella,8,8,0
Summer2018,58069,NS 0272C,04,0.000,Geriatric Nursing Clinical,"[{'days': 'MTWRF', 'times': '0700am-0200pm', 'dates': '07/12-07/19', 'location': 'NWG '}]",['MTWRF 0700am-0200pm 07/12-07/19 NWG '],Kelly Ann  Sullivan,8,7,1
Summer2018,58147,NS 0272C,05,0.000,Geriatric Nursing Clinical,"[{'days': 'MTWRF', 'times': '0700am-0200pm', 'dates': '07/12-07/19', 'location': 'VA '}]",['MTWRF 0700am-0200pm 07/12-07/19 VA '],Laura A.  Conklin,6,6,0
Summer2018,58207,NS 0272C,06,0.000,Geriatric Nursing Clinical,"[{'days': 'MTWRF', 'times': '0700am-0200pm', 'dates': '07/12-07/19', 'location': 'LCH '}]",['MTWRF 0700am-0200pm 07/12-07/19 LCH '],Jeanne G.  Arsenault,8,9,-1
Summer2018,58369,NS 0272C,07,0.000,Geriatric Nursing Clinical,"[{'days': 'MTWRF', 'times': '0700am-0200pm', 'dates': '07/12-07/19', 'location': 'LCH '}]",['MTWRF 0700am-0200pm 07/12-07/19 LCH '],Kathleen D.  Lovanio,8,8,0
Summer2018,58370,NS 0272C,08,0.000,Geriatric Nursing Clinical,"[{'days': 'MTWRF', 'times': '0700am-0200pm', 'dates': '07/12-07/19', 'location': 'LUDLW '}]",['MTWRF 0700am-0200pm 07/12-07/19 LUDLW '],Hilary Anne  Bartholomay,8,8,0
Summer2018,58070,NS 0307,01,4.000,Fundamentals of Nursing Care,"[{'days': 'MTWRF', 'times': '0900am-0400pm', 'dates': '07/30-08/17', 'location': 'NHS 204'}, {'days': 'MTWRF', 'times': '0900am-0400pm', 'dates': '07/30-08/17', 'location': 'NHS 205'}, {'days': 'MTWRF', 'times': '0900am-0400pm', 'dates': '07/30-08/17', 'location': 'NHS 308'}]","['MTWRF 0900am-0400pm 07/30-08/17 NHS 204', 'MTWRF 0900am-0400pm 07/30-08/17 NHS 205', 'MTWRF 0900am-0400pm 07/30-08/17 NHS 308']",Katherine Marie  Saracino,60,58,2
Summer2018,58071,NS 0307L,01,0.000,Fundamentals of Nursing Care Lab,[],[],Susan B  Reynolds,15,13,2
Summer2018,58182,NS 0307L,02,0.000,Fundamentals of Nursing Care Lab,[],[],Laura A.  Conklin,15,15,0
Summer2018,58183,NS 0307L,03,0.000,Fundamentals of Nursing Care Lab,[],[],Mary M  Murphy,15,15,0
Summer2018,58454,NS 0307L,04,0.000,Fundamentals of Nursing Care Lab,[],[],Susan N.  Bartos,15,15,0
Summer2018,58072,NS 0312,01,5.000,Medical Surgical Nursing I,"[{'days': 'MT', 'times': '0800am-0100pm', 'dates': '05/21-05/22', 'location': 'NHS 410'}, {'days': 'T', 'times': '0800am-0100pm', 'dates': '05/29-05/29', 'location': 'NHS 410'}, {'days': 'M', 'times': '0800am-0100pm', 'dates': '06/04-06/04', 'location': 'NHS 410'}, {'days': 'R', 'times': '0800am-0100pm', 'dates': '06/07-06/07', 'location': 'NHS 410'}, {'days': 'R', 'times': '0800am-0100pm', 'dates': '06/14-06/14', 'location': 'NHS 410'}, {'days': 'MTW', 'times': '0800am-1200pm', 'dates': '06/18-06/20', 'location': 'NHS 410'}, {'days': 'R', 'times': '0800am-1000am', 'dates': '06/21-06/21', 'location': 'NHS 410'}]","['MT 0800am-0100pm 05/21-05/22 NHS 410', 'T 0800am-0100pm 05/29-05/29 NHS 410', 'M 0800am-0100pm 06/04-06/04 NHS 410', 'R 0800am-0100pm 06/07-06/07 NHS 410', 'R 0800am-0100pm 06/14-06/14 NHS 410', 'MTW 0800am-1200pm 06/18-06/20 NHS 410', 'R 0800am-1000am 06/21-06/21 NHS 410']",Rose   Iannino-Renz,18,16,2
Summer2018,58073,NS 0312C,01,0.000,Medical Surgical Nursing I Clinical,"[{'days': 'W', 'times': '0700am-1100am', 'dates': '05/23-05/23', 'location': 'VA '}, {'days': 'WR', 'times': '0700am-0500pm', 'dates': '05/24-05/31', 'location': 'VA '}, {'days': 'MTW', 'times': '0700am-0500pm', 'dates': '06/05-06/13', 'location': 'VA '}]","['W 0700am-1100am 05/23-05/23 VA ', 'WR 0700am-0500pm 05/24-05/31 VA ', 'MTW 0700am-0500pm 06/05-06/13 VA ']",Laura A.  Conklin,8,8,0
Summer2018,58371,NS 0312C,02,0.000,Medical Surgical Nursing I Clinical,"[{'days': 'W', 'times': '0700am-1100am', 'dates': '05/23-05/23', 'location': 'STV '}, {'days': 'WR', 'times': '0700am-0500pm', 'dates': '05/24-05/31', 'location': 'STV '}, {'days': 'MTW', 'times': '0700am-0500pm', 'dates': '06/05-06/13', 'location': 'STV '}]","['W 0700am-1100am 05/23-05/23 STV ', 'WR 0700am-0500pm 05/24-05/31 STV ', 'MTW 0700am-0500pm 06/05-06/13 STV ']",Rose   Iannino-Renz,8,8,0
Summer2018,58208,NS 0314,01,4.000,Maternal and Newborn Nursing,"[{'days': 'TR', 'times': '0900am-0100pm', 'dates': '06/05-07/12', 'location': 'NHS 224'}]",['TR 0900am-0100pm 06/05-07/12 NHS 224'],Christa Palancia  Esposito,51,48,3
Summer2018,58209,NS 0314C,01,0.000,Maternal and Newborn Nursing Clinical,"[{'days': 'MWF', 'times': '0700am-0200pm', 'dates': '06/04-06/15', 'location': 'STAMH '}]",['MWF 0700am-0200pm 06/04-06/15 STAMH '],Kelly Ann  Sullivan,7,7,0
Summer2018,58210,NS 0314C,02,0.000,Maternal and Newborn Nursing Clinical,"[{'days': 'MWF', 'times': '0700am-0200pm', 'dates': '06/18-06/29', 'location': 'STAMH '}]",['MWF 0700am-0200pm 06/18-06/29 STAMH '],Kelly Ann  Sullivan,7,7,0
Summer2018,58211,NS 0314C,03,0.000,Maternal and Newborn Nursing Clinical,"[{'days': 'MW', 'times': '0700am-0400pm', 'dates': '06/04-06/11', 'location': 'BH '}, {'days': 'M', 'times': '0700am-0400pm', 'dates': '07/02-07/09', 'location': 'BH '}]","['MW 0700am-0400pm 06/04-06/11 BH ', 'M 0700am-0400pm 07/02-07/09 BH ']",Carrie   Wolf,7,5,2
Summer2018,58212,NS 0314C,04,0.000,Maternal and Newborn Nursing Clinical,"[{'days': 'F', 'times': '0700am-0530pm', 'dates': '06/08-06/08', 'location': 'BH '}, {'days': 'F', 'times': '0700am-0530pm', 'dates': '06/29-07/13', 'location': 'BH '}]","['F 0700am-0530pm 06/08-06/08 BH ', 'F 0700am-0530pm 06/29-07/13 BH ']",Heather E.  Kovac,7,7,0
Summer2018,58213,NS 0314C,05,0.000,Maternal and Newborn Nursing Clinical,"[{'days': 'WF', 'times': '0700am-0530pm', 'dates': '06/06-06/15', 'location': 'WTBRY '}]",['WF 0700am-0530pm 06/06-06/15 WTBRY '],Suzanne T.  Turner,6,6,0
Summer2018,58214,NS 0314C,06,0.000,Maternal and Newborn Nursing Clinical,"[{'days': 'WF', 'times': '0700am-0530pm', 'dates': '06/20-06/29', 'location': 'WTBRY '}]",['WF 0700am-0530pm 06/20-06/29 WTBRY '],Suzanne T.  Turner,6,5,1
Summer2018,58215,NS 0314C,07,0.000,Maternal and Newborn Nursing Clinical,"[{'days': 'U', 'times': '0700am-0700pm', 'dates': '06/10-07/01', 'location': 'WTBRY '}]",['U 0700am-0700pm 06/10-07/01 WTBRY '],Vanessa Adema  Daou,6,6,0
Summer2018,58373,NS 0314C,08,0.000,Maternal and Newborn Nursing Clinical,"[{'days': 'WFU', 'times': '0700am-0530pm', 'dates': '07/06-07/13', 'location': 'WTBRY '}]",['WFU 0700am-0530pm 07/06-07/13 WTBRY '],Suzanne T.  Turner,6,5,1
Summer2018,58074,NS 0330,OL1,4.000,"Community, Public, and Global Health Nursing",[],[],Diana R.  Mager,51,51,0
Summer2018,58075,NS 0330C,01,0.000,"Community, Public, and Global Health Nursing Clinical","[{'days': 'TWR', 'times': '0800am-0430pm', 'dates': '05/22-05/31', 'location': 'STV '}]",['TWR 0800am-0430pm 05/22-05/31 STV '],Kathleen D.  Lovanio,9,10,-1
Summer2018,58076,NS 0330C,02,0.000,"Community, Public, and Global Health Nursing Clinical","[{'days': 'TWR', 'times': '0800am-0430pm', 'dates': '05/22-05/31', 'location': 'MILY '}, {'days': 'W', 'times': '1200pm-0300pm', 'dates': '05/23-05/23', 'location': 'BNW 341'}]","['TWR 0800am-0430pm 05/22-05/31 MILY ', 'W 1200pm-0300pm 05/23-05/23 BNW 341']",Geraldine M.  Chalykoff,10,8,2
Summer2018,58077,NS 0330C,03,0.000,"Community, Public, and Global Health Nursing Clinical","[{'days': 'TWR', 'times': '0800am-0430pm', 'dates': '05/22-05/31', 'location': 'VA '}]",['TWR 0800am-0430pm 05/22-05/31 VA '],Laura A.  Conklin,10,7,3
Summer2018,58078,NS 0330C,04,0.000,"Community, Public, and Global Health Nursing Clinical","[{'days': 'TWR', 'times': '0800am-0430pm', 'dates': '05/22-05/31', 'location': 'BPS '}]",['TWR 0800am-0430pm 05/22-05/31 BPS '],Jessica   Planas,9,8,1
Summer2018,58079,NS 0330C,05,0.000,"Community, Public, and Global Health Nursing Clinical","[{'days': 'TWR', 'times': '0800am-0430pm', 'dates': '05/22-05/31', 'location': 'NCRGUA '}]",['TWR 0800am-0430pm 05/22-05/31 NCRGUA '],Lydia H.  Greiner,9,0,9
Summer2018,58375,NS 0330C,06,0.000,"Community, Public, and Global Health Nursing Clinical","[{'days': 'TWR', 'times': '0800am-0430pm', 'dates': '05/22-05/31', 'location': 'BPS '}, {'days': 'TWR', 'times': '0800am-0200pm', 'dates': '05/22-05/31', 'location': 'NHS 407'}]","['TWR 0800am-0430pm 05/22-05/31 BPS ', 'TWR 0800am-0200pm 05/22-05/31 NHS 407']",Kelly Ann  Sullivan,9,9,0
Summer2018,58445,NS 0330C,07,0.000,"Community, Public, and Global Health Nursing Clinical","[{'days': 'TWR', 'times': '0800am-0430pm', 'dates': '05/22-05/31', 'location': 'NHD '}]",['TWR 0800am-0430pm 05/22-05/31 NHD '],Theresa Tavella  Quell,9,9,0
Summer2018,58080,NS 0332,01,4.000,Transition to Professional Nursing,"[{'days': 'F', 'times': '0800am-0830am', 'dates': '06/01-06/01', 'location': 'NHS 204'}, {'days': 'F', 'times': '0100pm-0200pm', 'dates': '06/01-06/01', 'location': 'NHS 204'}, {'days': 'MTWRF', 'times': '0830am-0430pm', 'dates': '07/16-08/17', 'location': 'NHS 203'}]","['F 0800am-0830am 06/01-06/01 NHS 204', 'F 0100pm-0200pm 06/01-06/01 NHS 204', 'MTWRF 0830am-0430pm 07/16-08/17 NHS 203']",Mary M  Murphy,51,48,3
Summer2018,58190,NS 0332C,01,0.000,Transition to Professional Nursing Clinical,[],[],TBA,51,48,3
Summer2018,58376,NS 0602,01,3.000,Healthcare Economics and Marketing,"[{'days': 'W', 'times': '0500pm-0730pm', 'dates': '06/06-06/06', 'location': 'NHS 405'}, {'days': 'W', 'times': '0500pm-0730pm', 'dates': '06/20-06/20', 'location': 'NHS 405'}, {'days': 'W', 'times': '0500pm-0730pm', 'dates': '07/11-07/11', 'location': 'NHS 405'}, {'days': 'W', 'times': '0500pm-0730pm', 'dates': '08/08-08/08', 'location': 'NHS 405'}]","['W 0500pm-0730pm 06/06-06/06 NHS 405', 'W 0500pm-0730pm 06/20-06/20 NHS 405', 'W 0500pm-0730pm 07/11-07/11 NHS 405', 'W 0500pm-0730pm 08/08-08/08 NHS 405']",Anna-Maria   Aksan,10,9,1
Summer2018,58377,NS 0604,01,4.000,Advanced Health Assessment,"[{'days': 'W', 'times': '0500pm-0900pm', 'dates': '05/21-08/17', 'location': 'NHS 204'}]",['W 0500pm-0900pm 05/21-08/17 NHS 204'],Jaclyn Elizabeth  Conelius,40,22,18
Summer2018,58126,NS 0605,01,3.000,Advanced Healthcare Policy,"[{'days': 'T', 'times': '0500pm-0730pm', 'dates': '05/22-05/22', 'location': 'NHS 210'}, {'days': 'T', 'times': '0500pm-0730pm', 'dates': '06/26-06/26', 'location': 'NHS 210'}, {'days': 'T', 'times': '0500pm-0730pm', 'dates': '07/24-07/24', 'location': 'NHS 210'}]","['T 0500pm-0730pm 05/22-05/22 NHS 210', 'T 0500pm-0730pm 06/26-06/26 NHS 210', 'T 0500pm-0730pm 07/24-07/24 NHS 210']",Karen H.  Burrows,38,36,2
Summer2018,58127,NS 0611,01,3.000,Population Health,"[{'days': 'M', 'times': '0500pm-0800pm', 'dates': '05/21-05/21', 'location': 'NHS 404'}, {'days': 'T', 'times': '0900am-0100pm', 'dates': '05/22-05/29', 'location': 'NHS 404'}, {'days': 'T', 'times': '1100am-0100pm', 'dates': '06/05-06/05', 'location': 'NHS 404'}, {'days': 'T', 'times': '0600pm-0800pm', 'dates': '06/19-06/19', 'location': 'NHS 404'}]","['M 0500pm-0800pm 05/21-05/21 NHS 404', 'T 0900am-0100pm 05/22-05/29 NHS 404', 'T 1100am-0100pm 06/05-06/05 NHS 404', 'T 0600pm-0800pm 06/19-06/19 NHS 404']",Diana R.  Mager,42,38,4
Summer2018,58128,NS 0612,01,3.000,Research Translation for Clinical Practice,"[{'days': 'W', 'times': '0500pm-0730pm', 'dates': '05/23-05/30', 'location': 'NHS 410'}, {'days': 'FS', 'times': '0830am-0430pm', 'dates': '06/08-06/09', 'location': 'NHS 411'}, {'days': 'FS', 'times': '0830am-0430pm', 'dates': '06/22-06/23', 'location': 'NHS 411'}, {'days': 'F', 'times': '0830am-0430pm', 'dates': '07/06-07/06', 'location': 'NHS 411'}]","['W 0500pm-0730pm 05/23-05/30 NHS 410', 'FS 0830am-0430pm 06/08-06/09 NHS 411', 'FS 0830am-0430pm 06/22-06/23 NHS 411', 'F 0830am-0430pm 07/06-07/06 NHS 411']",Eileen R.  O'Shea,20,17,3
Summer2018,58216,NS 0614,01,3.000,Information Technology for Healthcare Improvement,"[{'days': 'T', 'times': '0500pm-0730pm', 'dates': '05/29-05/29', 'location': 'NHS 410'}, {'days': 'T', 'times': '0500pm-0730pm', 'dates': '06/19-06/19', 'location': 'NHS 410'}, {'days': 'T', 'times': '0500pm-0730pm', 'dates': '07/17-07/17', 'location': 'NHS 410'}]","['T 0500pm-0730pm 05/29-05/29 NHS 410', 'T 0500pm-0730pm 06/19-06/19 NHS 410', 'T 0500pm-0730pm 07/17-07/17 NHS 410']",Karen H.  Burrows,15,13,2
Summer2018,58129,NS 0641,01,3.000,Advanced Pharmacology,"[{'days': 'R', 'times': '0500pm-0730pm', 'dates': '05/21-08/17', 'location': 'NHS 411'}]",['R 0500pm-0730pm 05/21-08/17 NHS 411'],Ralph V.  Tremaglio,15,14,1
Summer2018,58130,NS 0644,01,4.000,Practicum in Adult Health I,"[{'days': 'W', 'times': '0500pm-0830pm', 'dates': '05/23-05/23', 'location': 'NHS 403'}, {'days': 'W', 'times': 'TBA', 'dates': '06/20-06/20', 'location': 'ONLINE '}, {'days': 'W', 'times': 'TBA', 'dates': '07/18-07/18', 'location': 'ONLINE '}, {'days': 'W', 'times': '0500pm-0830pm', 'dates': '08/15-08/15', 'location': 'NHS 403'}]","['W 0500pm-0830pm 05/23-05/23 NHS 403', 'W TBA 06/20-06/20 ONLINE ', 'W TBA 07/18-07/18 ONLINE ', 'W 0500pm-0830pm 08/15-08/15 NHS 403']",Rose   Iannino-Renz,25,23,2
Summer2018,58131,NS 0666A,01,4.000,Practicum I: PMHNP,"[{'days': 'T', 'times': '0500pm-0600pm', 'dates': '05/22-05/22', 'location': 'NHS 405'}, {'days': 'T', 'times': '0100pm-0400pm', 'dates': '08/14-08/14', 'location': 'NHS 405'}]","['T 0500pm-0600pm 05/22-05/22 NHS 405', 'T 0100pm-0400pm 08/14-08/14 NHS 405']",Kathleen A.  Wheeler,10,6,4
Summer2018,58185,NS 0667,01,2.000,Psychopharmacology,"[{'days': 'W', 'times': '0500pm-0800pm', 'dates': '05/21-07/25', 'location': 'NHS 411'}]",['W 0500pm-0800pm 05/21-07/25 NHS 411'],Michael Peter  O'Toole,10,6,4
Summer2018,58132,NS 0670,01,3.000,Human Anatomy and Physiology for Nurse Anesthetists,"[{'days': 'TR', 'times': '0100pm-0400pm', 'dates': '05/21-07/17', 'location': 'NHS 411'}]",['TR 0100pm-0400pm 05/21-07/17 NHS 411'],Christine   Earls,15,15,0
Summer2018,58133,NS 0687,01,1.000-6.000,DNP Immersion,[],[],Joyce Muriel  Shea,30,16,14
Summer2018,58134,NS 0687,02,1.000-6.000,DNP Immersion,[],[],Nancy A.  Moriber,30,14,16
Summer2018,58467,NS 0687F,01,1.000,DNP Immersion,"[{'days': 'TBA', 'times': '0', 'dates': 'TBA', 'location': 'IDEA Course Eval - NO'}]",['TBA 0 TBA IDEA Course Eval - NO'],05/21-08/17,1,-1,0
Summer2018,58466,NS 0698,KW,2.000,Independent Study,[],[],Kathleen A.  Wheeler,0,1,-1
Summer2018,58135,NSAN 0673,01,3.000,Chemistry and Physics for Nurse Anesthetists,"[{'days': 'W', 'times': '1230pm-0430pm', 'dates': '05/21-08/17', 'location': 'NHS 411'}]",['W 1230pm-0430pm 05/21-08/17 NHS 411'],Nancy A.  Moriber,15,15,0
Summer2018,58136,NSAN 0675,01,1.000,Clinical Orientation and Specialty Rotations,"[{'days': 'WR', 'times': '0700am-1200pm', 'dates': '05/21-08/17', 'location': 'NHS 411'}]",['WR 0700am-1200pm 05/21-08/17 NHS 411'],Nancy A.  Moriber,15,15,0
Summer2018,58137,NSAN 0678,01,2.000,Regional Anesthesia and Pain Management in Clinical Practice,"[{'days': 'W', 'times': '0100pm-0500pm', 'dates': '05/21-08/17', 'location': 'NHS 210'}]",['W 0100pm-0500pm 05/21-08/17 NHS 210'],Steven Lewis  Belmont,15,15,0
Summer2018,58138,NSAN 0680,01,2.000,Clinical Practicum III,[],[],Nancy A.  Moriber,15,14,1
Summer2018,58139,NSAN 0687,01,3.000,Principles of Nurse Anesthesia Practice II,"[{'days': 'MR', 'times': '1230pm-0330pm', 'dates': '05/21-08/17', 'location': 'NHS 210'}]",['MR 1230pm-0330pm 05/21-08/17 NHS 210'],John J.  Orazietti,15,15,0
Summer2018,58378,NSMW 0623,01,3.000,Women's Primary Care and Gynecological Health II,"[{'days': 'W', 'times': '0900am-0200pm', 'dates': '06/06-08/15', 'location': 'NHS 208'}]",['W 0900am-0200pm 06/06-08/15 NHS 208'],Christa Palancia  Esposito,5,3,2
Summer2018,58379,NSMW 0624,01,3.000,Women's Primary Care and Gynecological Health Clinical,[],[],Christa Palancia  Esposito,5,3,2
Summer2018,58114,OM 0101,OL1,3.000,Operations Management,[],[],Xin Xin   He,20,16,4
Summer2018,58397,OM 0400,OL1,3.000,Principles of Business Analytics,[],[],Neal A.  Lewis,20,17,3
Summer2018,58015,PH 0101,01,3.000,Introduction to Philosophy,"[{'days': 'MTWRF', 'times': '0100pm-0300pm', 'dates': '06/04-06/29', 'location': 'CNS 106'}]",['MTWRF 0100pm-0300pm 06/04-06/29 CNS 106'],Jason A.  Smith,25,9,16
Summer2018,58357,PH 0215,01,3.000,Philosophy of Science,"[{'days': 'MTWRF', 'times': '1030am-1230pm', 'dates': '07/09-08/03', 'location': 'CNS 6'}]",['MTWRF 1030am-1230pm 07/09-08/03 CNS 6'],Eric   Guindon,25,9,16
Summer2018,58358,PH 0217,01,3.000,Logic,"[{'days': 'MTWRF', 'times': '1030am-1230pm', 'dates': '06/04-06/29', 'location': 'CNS 103'}]",['MTWRF 1030am-1230pm 06/04-06/29 CNS 103'],J. Brooks   Colburn,25,8,17
Summer2018,58097,PS 0078,OL1,3.000,The Nature of the Universe,[],[],Joachim   Kuhn,20,19,1
Summer2018,58239,PS 0115,01,3.000,General Physics I,"[{'days': 'MTWRF', 'times': '0800am-1000am', 'dates': '06/04-06/29', 'location': 'BNW 253'}]",['MTWRF 0800am-1000am 06/04-06/29 BNW 253'],Bidyut B.  Das,25,24,1
Summer2018,58240,PS 0115L,01,1.000,General Physics I Lab,"[{'days': 'MTWRF', 'times': '1030am-1230pm', 'dates': '06/04-06/29', 'location': 'BNW 162'}]",['MTWRF 1030am-1230pm 06/04-06/29 BNW 162'],Bidyut B.  Das,25,21,4
Summer2018,58241,PS 0116,01,3.000,General Physics II,"[{'days': 'MTWRF', 'times': '0800am-1000am', 'dates': '07/09-08/03', 'location': 'BNW 253'}]",['MTWRF 0800am-1000am 07/09-08/03 BNW 253'],Bidyut B.  Das,25,10,15
Summer2018,58242,PS 0116L,01,1.000,General Physics II Lab,"[{'days': 'MTWRF', 'times': '1030am-1230pm', 'dates': '07/09-08/03', 'location': 'BNW 162'}]",['MTWRF 1030am-1230pm 07/09-08/03 BNW 162'],Bidyut B.  Das,25,10,15
Summer2018,58096,PO 0133,OL1,3.000,United States Foreign Policy,[],[],Lucrecia   Garcia Iommi,20,9,11
Summer2018,58473,PO 0298,01,3.000,Internship,[],[],Edith B.  Cassidy,0,1,-1
Summer2018,58038,PY 0099,01,0.000,Comprehensive Examination in School Psychology,"[{'days': 'F', 'times': '1000am-0200pm', 'dates': '05/18-05/18', 'location': 'CNS 301'}]",['F 1000am-0200pm 05/18-05/18 CNS 301'],Paula   Gill Lopez,15,10,5
Summer2018,58243,PY 0101,01,3.000,General Psychology,"[{'days': 'MTWRF', 'times': '0930am-1230pm', 'dates': '07/09-07/20', 'location': 'BNW 340'}]",['MTWRF 0930am-1230pm 07/09-07/20 BNW 340'],Michael Walden  Creane,20,13,7
Summer2018,58244,PY 0101,OL1,3.000,General Psychology,[],[],Judith   Primavera,20,6,14
Summer2018,58017,PY 0111,OL1,3.000,Developmental Psychology for Non-Majors,[],[],Judith   Primavera,15,14,1
Summer2018,58360,PY 0131,OL1,3.000,Abnormal Psychology for Non-Majors,[],[],Margaret M.  McClure,20,9,11
Summer2018,58039,PY 0436,01,3.000,Psychopathology and Classification I,"[{'days': 'S', 'times': '0900am-0530pm', 'dates': '06/09-06/30', 'location': 'CNS 101'}]",['S 0900am-0530pm 06/09-06/30 CNS 101'],Ronald J.  Brone,20,9,11
Summer2018,58040,PY 0449,01,3.000,Introduction to Clinical Child Neuropsychology,"[{'days': 'S', 'times': '0800am-0400pm', 'dates': '05/12-05/12', 'location': 'CNS 203'}, {'days': 'M', 'times': '0430pm-0930pm', 'dates': '05/14-06/04', 'location': 'CNS 204'}, {'days': 'S', 'times': '0800am-0400pm', 'dates': '06/02-06/09', 'location': 'CNS 203'}]","['S 0800am-0400pm 05/12-05/12 CNS 203', 'M 0430pm-0930pm 05/14-06/04 CNS 204', 'S 0800am-0400pm 06/02-06/09 CNS 203']",Michael F.  Regan,15,11,4
Summer2018,58041,PY 0475,01,3.000,Program Evaluation,"[{'days': 'U', 'times': '0830am-0530pm', 'dates': '06/10-07/01', 'location': 'CNS 101'}]",['U 0830am-0530pm 06/10-07/01 CNS 101'],Thanos   Patelis,20,7,13
Summer2018,58042,PY 0480,01,3.000,Consulting Theory and Practice,"[{'days': 'TWR', 'times': '0500pm-0800pm', 'dates': '05/22-06/07', 'location': 'CNS 203'}]",['TWR 0500pm-0800pm 05/22-06/07 CNS 203'],William Paul   Maloney,20,17,3
Summer2018,58043,PY 0501,01,3.000,Fundamentals of Survey Design,"[{'days': 'MTR', 'times': '0430pm-0900pm', 'dates': '05/21-06/05', 'location': 'CNS 209'}]",['MTR 0430pm-0900pm 05/21-06/05 CNS 209'],Faith-Anne   Dohm,15,6,9
Summer2018,58257,PY 0534,01,3.000,Theories of Learning,"[{'days': 'MW', 'times': '0430pm-0815pm', 'dates': '07/09-08/03', 'location': 'CNS 1'}]",['MW 0430pm-0815pm 07/09-08/03 CNS 1'],Deborah L.  Edelman,11,11,0
Summer2018,58044,PY 0577,01,3.000,Practicum II:  Counseling and Group Process,"[{'days': 'T', 'times': '0200pm-0400pm', 'dates': '05/15-06/19', 'location': 'CNS 101'}]",['T 0200pm-0400pm 05/15-06/19 CNS 101'],Paula   Gill Lopez,6,6,0
Summer2018,58045,PY 0577,02,3.000,Practicum II:  Counseling and Group Process,"[{'days': 'T', 'times': '0430pm-0630pm', 'dates': '05/15-06/19', 'location': 'CNS 101'}]",['T 0430pm-0630pm 05/15-06/19 CNS 101'],Paula   Gill Lopez,5,5,0
Summer2018,58447,MPA 0420,OL1,3.000,Leadership,[],[],Gayle A.  Alberda,15,12,3
Summer2018,58234,MPA 0430,01,3.000,Economics of the Nonprofit Sector,"[{'days': 'MTR', 'times': '0630pm-0930pm', 'dates': '06/04-06/28', 'location': 'DMH 231'}]",['MTR 0630pm-0930pm 06/04-06/28 DMH 231'],Mark S.  Leclair,15,8,7
Summer2018,58298,MPA 0500,01,3.000,Internship,[],[],Mark S.  Leclair,0,0,0
Summer2018,58461,MPA 0510,ML,3.000,Capstone Experience,[],[],Mark S.  Leclair,0,1,-1
Summer2018,58398,QA 0400,OL1,3.000,Applied Business Statistics,[],[],Xin Xin   He,20,15,5
Summer2018,58400,RLD 0583,01,3.000,Tests and Measurement in Reading and Language Arts Contexts,"[{'days': 'W', 'times': '0455pm-0900pm', 'dates': '06/06-06/27', 'location': 'CNS 101'}]",['W 0455pm-0900pm 06/06-06/27 CNS 101'],Jule J.  McCombes-Tolis,20,19,1
Summer2018,58399,RLD 0585,01,3.000,Writing Components and Processes in the Language Arts Program,"[{'days': 'MTWR', 'times': '0430pm-0830pm', 'dates': '07/12-07/26', 'location': 'CNS 101'}]",['MTWR 0430pm-0830pm 07/12-07/26 CNS 101'],Jennifer C.  Hornyak,20,21,-1
Summer2018,58465,RLD 0587,01,3.000,Practicum in Tier II Reading and Language Arts Intervention Practices,[],[],Jule J.  McCombes-Tolis,6,3,3
Summer2018,58401,RLD 0588,01,3.000,Practicum in Tier III Reading and Language Arts Intervention Practices,"[{'days': 'MT', 'times': '0800am-0100pm', 'dates': '06/25-07/31', 'location': 'CNS 104'}]",['MT 0800am-0100pm 06/25-07/31 CNS 104'],Jaclyn J.  Cincotta,6,9,-3
Summer2018,58464,RLD 0588,02,3.000,Practicum in Tier III Reading and Language Arts Intervention Practices,"[{'days': 'WR', 'times': '0800am-0100pm', 'dates': '06/25-07/31', 'location': 'CNS 104'}]",['WR 0800am-0100pm 06/25-07/31 CNS 104'],Jaclyn J.  Cincotta,6,4,2
Summer2018,58391,RLD 0594,01,3.000,"Designing, Implementing, and Leading the School Literacy Intervention Program: Capstone Seminar","[{'days': 'RF', 'times': '0400pm-0800pm', 'dates': '06/28-06/29', 'location': 'CNS 104'}, {'days': 'S', 'times': '0800am-0400pm', 'dates': '06/30-06/30', 'location': 'CNS 104'}, {'days': 'RF', 'times': '0400pm-0800pm', 'dates': '07/12-07/13', 'location': 'CNS 104'}, {'days': 'S', 'times': '0800am-0400pm', 'dates': '07/14-07/14', 'location': 'CNS 104'}]","['RF 0400pm-0800pm 06/28-06/29 CNS 104', 'S 0800am-0400pm 06/30-06/30 CNS 104', 'RF 0400pm-0800pm 07/12-07/13 CNS 104', 'S 0800am-0400pm 07/14-07/14 CNS 104']",Janine M  Goss,20,12,8
Summer2018,58189,RS 0101E,01,3.000,"Exploring Religion: Peoples of the Book, Sacred Texts, and Their Communities","[{'days': 'MTWRF', 'times': '1030am-1230pm', 'dates': '07/09-08/03', 'location': 'CNS 103'}]",['MTWRF 1030am-1230pm 07/09-08/03 CNS 103'],Matthew D.  Glassman,25,13,12
Summer2018,58099,RS 0101E,OL1,3.000,"Exploring Religion: Peoples of the Book, Sacred Texts, and Their Communities",[],[],Jeremy L.  Sabella,20,18,2
Summer2018,58444,RS 0101E,OL2,3.000,"Exploring Religion: Peoples of the Book, Sacred Texts, and Their Communities",[],[],Jeremy L.  Sabella,20,19,1
Summer2018,58178,RS 0221,01,3.000,Good News of the Gospels,"[{'days': 'MTWRF', 'times': '0800am-1000am', 'dates': '06/04-06/29', 'location': 'CNS 104'}]",['MTWRF 0800am-1000am 06/04-06/29 CNS 104'],Hugh M.  Humphrey,25,5,20
Summer2018,58100,RS 0252,OL1,3.000,Contemporary Moral Problems,[],[],Christian   Cintron,20,19,1
Summer2018,58150,RS 0252,OL2,3.000,Contemporary Moral Problems,[],[],Christian   Cintron,20,17,3
Summer2018,58363,SO 0011,01,3.000,Introduction to Sociology,"[{'days': 'MTR', 'times': '0645pm-0955pm', 'dates': '06/04-06/28', 'location': 'CNS 106'}]",['MTR 0645pm-0955pm 06/04-06/28 CNS 106'],Rose P.  Rodrigues,25,9,16
Summer2018,58364,SO 0279,01,3.000,Criminal Justice System Seminar,"[{'days': 'MTWRF', 'times': '0830am-0430pm', 'dates': '05/23-05/30', 'location': 'DMH 231'}]",['MTWRF 0830am-0430pm 05/23-05/30 DMH 231'],Rose P.  Rodrigues,20,9,11
Summer2018,58446,SW 0483,ARS,3.000,Independent Study,[],[],Adrian S.  Rusu-Sprincenatu,0,0,0
Summer2018,58470,SW 0483,JW,3.000,Independent Study,[],[],Jonathan R.  Wilson,0,1,-1
Summer2018,58338,SW 0531,OL1,3.000,Applications and Data Security,[],[],Mark D.  Ramsey,12,14,-2
Summer2018,58408,SP 0110,01,3.000,Elementary Spanish I,"[{'days': 'MTWRF', 'times': '0800am-1000am', 'dates': '06/04-06/29', 'location': 'DMH 347'}]",['MTWRF 0800am-1000am 06/04-06/29 DMH 347'],Antonio   Martinez-Meraz,25,3,22
Summer2018,58046,SE 0400,01,3.000,Augmentative Alternative Communications and Assistive Technologies,"[{'days': 'TR', 'times': '0445pm-0830pm', 'dates': '07/09-08/03', 'location': 'CNS 103'}]",['TR 0445pm-0830pm 07/09-08/03 CNS 103'],Vittoria   Fielosh,20,11,9
Summer2018,58047,SE 0405,01,3.000,Exceptional Learners in the Mainstream,"[{'days': 'TR', 'times': '0430pm-0815pm', 'dates': '08/07-08/16', 'location': 'DMH 348'}, {'days': 'S', 'times': '1000am-0300pm', 'dates': '08/11-08/11', 'location': 'DMH 348'}]","['TR 0430pm-0815pm 08/07-08/16 DMH 348', 'S 1000am-0300pm 08/11-08/11 DMH 348']",Deborah L.  Edelman,20,13,7
Summer2018,58457,SE 0405,02,3.000,Exceptional Learners in the Mainstream,"[{'days': 'TR', 'times': '0430pm-0815pm', 'dates': '08/07-08/16', 'location': 'CNS 106'}, {'days': 'S', 'times': '1000am-0300pm', 'dates': '08/11-08/11', 'location': 'CNS 106'}]","['TR 0430pm-0815pm 08/07-08/16 CNS 106', 'S 1000am-0300pm 08/11-08/11 CNS 106']",Amy Danielle  Glazer,20,16,4
Summer2018,58392,SE 0486,01,3.000,Developmental Literacy I: Fundamentals of Reading and Language Development,"[{'days': 'MW', 'times': '0430pm-0815pm', 'dates': '07/09-08/03', 'location': 'CNS 103'}]",['MW 0430pm-0815pm 07/09-08/03 CNS 103'],Jonathan Michael  Cop,20,10,10
Summer2018,58393,SE 0550,01,3.000,Collaboration and Consultation for the Special Educator,"[{'days': 'MW', 'times': '0430pm-0815pm', 'dates': '06/05-07/03', 'location': 'CNS 10'}]",['MW 0430pm-0815pm 06/05-07/03 CNS 10'],Deborah L.  Edelman,20,9,11
Summer2018,58269,SE 0565,01,3.000,Evidence-Based Strategies in the Inclusive Classroom,"[{'days': 'MW', 'times': '0430pm-0815pm', 'dates': '06/05-07/03', 'location': 'CNS 9'}]",['MW 0430pm-0815pm 06/05-07/03 CNS 9'],Hildegard H.  Szokol,20,16,4
Summer2018,58049,SE 0591,01,3.000,Practica in Special Education,[],[],Hildegard H.  Szokol,6,6,0
Summer2018,58394,SE 0592,01,3.000,Practica in Special Education,[],[],Hildegard H.  Szokol,6,6,0
Summer2018,58361,SA 0101,OL1,3.000,Introduction to Digital Tools in Art Making,[],[],Rachael Lynne  Gorchov,18,5,13
Summer2018,58362,SA 0133,01,3.000,Alternative Processes Photography,"[{'days': 'MTWRF', 'times': '0930am-1230pm', 'dates': '07/09-07/20', 'location': 'LYL 21'}]",['MTWRF 0930am-1230pm 07/09-07/20 LYL 21'],Jed Morgan  Post,16,7,9
Summer2018,58421,SHS 0011,01,0.000,Forensic Psychology,"[{'days': 'MTWRF', 'times': '0900am-0400pm', 'dates': '07/09-07/13', 'location': 'NHS 103'}]",['MTWRF 0900am-0400pm 07/09-07/13 NHS 103'],Joshua C.  Elliott,15,2,13
Summer2018,58423,SHS 0013,01,0.000,Nursing: The Possibilities Are Endless!,"[{'days': 'MTWRF', 'times': '0900am-0400pm', 'dates': '07/09-07/13', 'location': 'NHS 104'}]",['MTWRF 0900am-0400pm 07/09-07/13 NHS 104'],Laura A.  Conklin,15,8,7
Summer2018,58334,SHS 0090,01,0.000,Summer BASE Camp,[],[],Christine R.  Rodriguez,30,24,6
Summer2018,58395,SL 0099,01,0.000,Comprehensive Examination in TESOL and Bilingual/Multicultural Education,[],[],Anne E  Campbell,20,4,16
Summer2018,58052,SL 0422,01,3.000,Teaching Grammar in Second Language Settings,"[{'days': 'TR', 'times': '0400pm-0830pm', 'dates': '07/09-08/03', 'location': 'CNS 108'}]",['TR 0400pm-0830pm 07/09-08/03 CNS 108'],Linda A.  Chehy,20,10,10
Summer2018,58053,SL 0441,01,3.000,Teaching and Learning within Multicultural Contexts of Education,"[{'days': 'MW', 'times': '0400pm-0830pm', 'dates': '05/21-06/18', 'location': 'CNS 103'}]",['MW 0400pm-0830pm 05/21-06/18 CNS 103'],Antonio   Simoes,20,6,14
Summer2018,58059,SL 0522,01,3.000,Emergent Literacy in Bilingual Early Childhood Education,"[{'days': 'S', 'times': 'TBA', 'dates': '08/04-08/04', 'location': 'ONLINE '}, {'days': 'MW', 'times': '0400pm-0830pm', 'dates': '08/06-08/17', 'location': 'CNS 101'}, {'days': 'S', 'times': '0900am-0400pm', 'dates': '08/11-08/11', 'location': 'CNS 101'}]","['S TBA 08/04-08/04 ONLINE ', 'MW 0400pm-0830pm 08/06-08/17 CNS 101', 'S 0900am-0400pm 08/11-08/11 CNS 101']",Heather R.  Pellicone,20,8,12
Summer2018,58458,SL 0595,AC,3.000,Independent Study: Research in Adult TESOL,[],[],Anne E  Campbell,0,1,-1
Summer2018,58162,TX 0510,01,3.000,Entity Taxation,"[{'days': 'TF', 'times': '0300pm-0700pm', 'dates': '05/22-05/25', 'location': 'DSB 115'}, {'days': 'R', 'times': '0230pm-0630pm', 'dates': '05/24-05/24', 'location': 'DSB 115'}, {'days': 'T', 'times': '1200pm-0600pm', 'dates': '05/29-05/29', 'location': 'DSB 115'}, {'days': 'R', 'times': '0300pm-0700pm', 'dates': '05/31-05/31', 'location': 'DSB 115'}, {'days': 'S', 'times': '0900am-0100pm', 'dates': '06/09-06/16', 'location': 'DSB 115'}, {'days': 'W', 'times': '0530pm-0930pm', 'dates': '06/13-06/27', 'location': 'DSB 115'}]","['TF 0300pm-0700pm 05/22-05/25 DSB 115', 'R 0230pm-0630pm 05/24-05/24 DSB 115', 'T 1200pm-0600pm 05/29-05/29 DSB 115', 'R 0300pm-0700pm 05/31-05/31 DSB 115', 'S 0900am-0100pm 06/09-06/16 DSB 115', 'W 0530pm-0930pm 06/13-06/27 DSB 115']",Kathi M.  Mettler,22,16,6
